turbine_id,health_score,oil_temp,oil_slope,vibration,vib_slope,yaw
T01,100,39.166,0.26899999999999835,0.582,-0.242,3.15
T02,100,42.215,3.6540000000000035,0.465,0.192,4.873
T03,100,39.164,-1.607999999999997,0.409,-0.061,-4.371
T04,100,38.002,-3.753,0.7,-0.04700000000000004,-1.002
T05,80,51.899,8.009999999999998,0.59,-0.008000000000000007,5.936
